USE cs157a_final;

INSERT INTO users (username, password, email, first_name, last_name, active, dob)
VALUES
('alice123', 'pass1234', 'alice123@example.com', 'Alice', 'Johnson', 1, '1995-03-12'),
('bobmarley', 'bobsecure', 'bob.marley@example.com', 'Bob', 'Marley', 0, '1988-08-15'),
('charlie_m', 'deltaecho', 'charlie.m@example.net', 'Charlie', 'Morris', 1, '1983-11-22'),
('david4mvp', 'davidrocks', 'david4mvp@example.org', 'David', 'Smith', 0, '1975-06-04'),
('eve_bravo', 'eve2023', 'eve.bravo@example.com', 'Eve', 'Bravo', 1, '1999-12-31'),
('frankie8', 'goodluck', 'frankie8@example.net', 'Frankie', 'Lee', 0, '1993-05-08'),
('grace_h', 'grace12345', 'grace.h@example.org', 'Grace', 'Hall', 1, '1981-04-14'),
('hannah_sun', 'sunshine', 'hannah.sun@example.com', 'Hannah', 'Sun', 1, '1986-07-23'),
('sarah_connor', 'terminator', 'sarah.connor@example.com', 'Sarah', 'Connor', 1, '1984-02-14'),
('john_smith', 'smithy1989', 'john.smith@example.com', 'John', 'Smith', 0, '1989-06-23'),
('jane_doe', 'janed123', 'jane.doe@example.com', 'Jane', 'Doe', 1, '1990-09-15'),
('liam_wong', 'liamw2023', 'liam.wong@example.com', 'Liam', 'Wong', 0, '1983-12-01'),
('nora_khan', 'noraK88', 'nora.khan@example.com', 'Nora', 'Khan', 1, '1988-03-09'),
('oliver_perez', 'oliveTree', 'oliver.perez@example.com', 'Oliver', 'Perez', 0, '1975-11-25'),
('emma_clark', 'emmaC2024', 'emma.clark@example.com', 'Emma', 'Clark', 1, '1995-05-17'),
('lucas_lee', 'lucasL90', 'lucas.lee@example.com', 'Lucas', 'Lee', 0, '1990-10-06'),
('mia_white', 'miaW91', 'mia.white@example.com', 'Mia', 'White', 1, '1991-02-24'),
('ethan_brown', 'ethanB123', 'ethan.brown@example.com', 'Ethan', 'Brown', 0, '1992-08-30'),
('ian_neo', 'neomatrix', 'ian.neo@example.net', 'Ian', 'Neo', 0, '1991-09-17'),
('julia_blue', 'juliablue', 'julia.blue@example.org', 'Julia', 'Blue', 1, '1990-10-12'),
('amy_789', 'amy882jkk', 'amy_789@example.org', 'Amy', 'Ring', 1, '1987-11-08'),
('ricky_ho', 'rickyho2000', 'ricky.ho@example.org', 'Ricky', 'Ho', 1, '2000-01-30');

INSERT INTO user_roles (username, role)
VALUES
('alice123', 'Member'),
('bobmarley', 'Member'),
('charlie_m', 'Member'),
('david4mvp', 'Member'),
('eve_bravo', 'Member'),
('frankie8', 'Member'),
('grace_h', 'Member'),
('hannah_sun', 'Member'),
('sarah_connor', 'Member'),
('john_smith', 'Member'),
('jane_doe', 'Member'),
('liam_wong', 'Member'),
('nora_khan', 'Member'),
('oliver_perez', 'Member'),
('emma_clark', 'Member'),
('lucas_lee', 'Member'),
('mia_white', 'Member'),
('ethan_brown', 'Member'),
('ian_neo', 'Admin'),
('julia_blue', 'Admin'),
('amy_789', 'Staff'),
('ricky_ho', 'Staff');

INSERT INTO authors (first_name, last_name, biography) VALUES
('Eleanor', 'Atwood', 'Eleanor Atwood is renowned for her intricate novels that explore the complexity of human emotions and societal structures.'),
('Marcus', 'Beckett', 'Marcus Beckett has received numerous awards for his impactful playwriting and compelling storytelling in contemporary theater.'),
('Sophia', 'Carson', 'Sophia Carson is a poet who draws on her multicultural background to enrich her evocative verses and poems.'),
('Lucas', 'Dumont', 'Lucas Dumont''s works include historical biographies that illuminate the lesser-known figures of European royalty.'),
('Olivia', 'Edwards', 'Olivia Edwards is a journalist turned novelist, known for her thrilling crime fiction series set in modern-day London.'),
('James', 'Fitzgerald', 'James Fitzgerald is a prolific writer of science fiction, with novels that delve into alternative realities and futuristic dilemmas.'),
('Ava', 'Garcia', 'Ava Garcia''s children''s books are celebrated for their ability to discuss complex emotions in accessible ways.'),
('Noah', 'Harper', 'Noah Harper''s travelogues capture the essence of remote and rugged landscapes, offering readers a window to the world.'),
('Isabella', 'Irving', 'Isabella Irving is a young adult fiction author whose stories often feature strong female protagonists overcoming great odds.'),
('Ethan', 'Johnson', 'Ethan Johnson has explored the depths of horror and suspense, creating spine-chilling narratives that have garnered a dedicated following.'),
('Mia', 'Knight', 'Mia Knight writes romantic novels that span historical settings to contemporary backdrops, focusing on the enduring nature of love.'),
('Jacob', 'Lawrence', 'Jacob Lawrence is known for his detailed accounts of medieval warfare and the politics of ancient kingdoms.'),
('Charlotte', 'Morrison', 'Charlotte Morrison is an acclaimed biographer whose works have illuminated the lives of 20th-century political figures.'),
('Liam', 'Norton', 'Liam Norton''s expertise in environmental science enriches his non-fiction works on climate change and sustainability.'),
('Amelia', 'O''Connor', 'Amelia O''Connor''s novels often explore the intersection of technology and personal identity in the digital age.'),
('Benjamin', 'Patterson', 'Benjamin Patterson, a former architect, writes about the philosophy of art and space in his compelling essays.'),
('Grace', 'Quinn', 'Grace Quinn''s literary fiction pieces reveal the subtle dynamics of family life and personal growth.'),
('Alexander', 'Reed', 'Alexander Reed''s thrillers provide a gripping look at political intrigue and the moral dilemmas of power.'),
('Victoria', 'Stevens', 'Victoria Stevens specializes in Gothic fiction, crafting atmospheric tales set in Victorian England.'),
('William', 'Taylor', 'William Taylor''s expertise in cultural studies informs his books on the intersection of culture, media, and technology.');

INSERT INTO books (isbn, title, author_id, publish_date, description) 
VALUES
('978-3-16-148410-0', 'The Dawn of Light', 1, '2021-01-05', 'Exploration of early human civilizations and their development.'),
('978-0-262-13472-2', 'River of Time', 2, '2021-02-10', 'A journey through the history of Earth''s waterways and their impact on cultures.'),
('978-1-860-49276-3', 'Echoes of Silence', 3, '2021-03-15', 'An anthology of poems from voices that have shaped the modern era.'),
('978-3-16-148410-4', 'Futures Unseen', 4, '2021-04-20', 'Speculative fiction that explores potential future technologies.'),
('978-0-262-13472-5', 'Lost Among Stars', 5, '2021-05-25', 'A science fiction tale of exploration and finding oneself in the galaxy.'),
('978-1-860-49276-6', 'Under the Crescent Moon', 6, '2021-06-30', 'A gripping novel of romance and adventure set in the Middle East.'),
('978-3-16-148410-7', 'Art of the Heart', 7, '2021-07-05', 'A deep dive into the world of contemporary art and its emotional impacts.'),
('978-0-262-13472-8', 'The Hidden Truths', 8, '2021-08-10', 'Investigative journalism that uncovers major political scandals.'),
('978-1-860-49276-9', 'Stars and Stripes', 9, '2021-09-15', 'A historical account of the American flag and its symbolism.'),
('978-3-16-148410-9', 'Gardens of Babylon', 10, '2021-10-20', 'A detailed exploration of one of the ancient world''s wonders.'),
('978-0-262-13473-0', 'The Sand Chronicles', 11, '2021-11-25', 'A family saga set against the backdrop of the Sahara desert.'),
('978-1-860-49277-0', 'Mysteries of the Deep', 12, '2021-12-30', 'Unveiling the secrets of the ocean''s most mysterious creatures.'),
('978-3-16-148411-0', 'Echoes from the Past', 13, '2022-01-04', 'Historical novel that examines the impacts of colonialism.'),
('978-0-262-13473-1', 'Rivers of Blood', 14, '2022-02-09', 'A thriller centered around the water rights wars in a dystopian future.'),
('978-1-860-49277-1', 'The Clockmaker', 15, '2022-03-16', 'A steampunk adventure featuring a clockmaker who changes history.'),
('978-3-16-148411-1', 'Lunar Dreams', 16, '2022-04-21', 'A tale of the first colony on the moon and its societal challenges.'),
('978-0-262-13473-2', 'Beyond the Horizon', 17, '2022-05-26', 'Travel essays that offer insights into little-known parts of the world.'),
('978-1-860-49277-2', 'The Tower of Light', 18, '2022-06-30', 'A fantasy epic about a mysterious tower that grants wishes.'),
('978-3-16-148411-2', 'Winds of Change', 19, '2022-07-05', 'A political thriller that delves into the intricacies of a revolution.'),
('978-0-262-13473-3', 'Harvest Moon', 20, '2022-08-10', 'A romantic drama set during the harvest season in a quaint village.'),
('978-0-262-13473-4', 'Voices in the Mist', 1, '2022-09-15', 'A collection of short stories based on the folklore of the Scottish Highlands.'),
('978-1-860-49277-3', 'The Path Less Traveled', 2, '2022-10-20', 'An autobiography of a renowned explorer and the roads they dared to travel.'),
('978-3-16-148411-3', 'Sky of Embers', 3, '2022-11-25', 'A dystopian novel about a society under constant threat from celestial fires.'),
('978-0-262-13473-5', 'Secrets of the Guild', 4, '2022-12-30', 'A historical mystery set in the medieval artisans'' guilds of Florence.'),
('978-1-860-49277-4', 'The Last Symphony', 5, '2023-01-04', 'A drama about the life and challenges of a composer in the late 19th century.'),
('978-3-16-148411-4', 'Dance of the Fireflies', 6, '2023-02-09', 'A magical realism story about a village where fireflies can fulfill wishes.'),
('978-0-262-13473-6', 'The Forgotten War', 7, '2023-03-16', 'A non-fiction account of a conflict overlooked by history books.'),
('978-1-860-49277-5', 'Whispers of the Past', 8, '2023-04-21', 'A novel that delves into ancient prophecies and their modern-day implications.'),
('978-3-16-148411-5', 'Shadows Over the Land', 9, '2023-05-26', 'A fantasy novel about a looming darkness threatening to engulf the world.'),
('978-0-262-13473-7', 'The Inventors Dilemma', 10, '2023-06-30', 'A biography of an inventor who revolutionized technology at a personal cost.'),
('978-0-262-13473-8', 'Whispers in the Dark', 11, '2022-09-01', 'A thriller exploring the secrets that emerge when the sun sets.'),
('978-1-860-49277-6', 'The Last Frontier', 12, '2022-09-15', 'A narrative about the pioneers on the frontiers of the Alaskan wilderness.'),
('978-3-16-148411-6', 'The Tides of Time', 13, '2022-09-30', 'A historical novel set against the backdrop of the great maritime empires.'),
('978-0-262-13473-9', 'The Forge of Creation', 14, '2022-10-15', 'A deep dive into the creation of universes, both literal and metaphorical.'),
('978-1-860-49277-7', 'The Vineyard', 15, '2022-11-01', 'A family saga centered around the life of a Napa Valley winemaker.'),
('978-3-16-148411-7', 'The Cipher', 16, '2022-11-17', 'A mystery involving ancient codes and the hunt for a legendary treasure.'),
('978-0-262-13474-0', 'A Shard of Ice', 17, '2022-12-02', 'An epic fantasy exploring the struggle against a seemingly eternal winter.'),
('978-1-860-49277-8', 'Canvas of Sky', 18, '2022-12-18', 'A romantic tale set under the vast, unyielding skies of Montana.'),
('978-3-16-148411-8', 'The Hallowed Halls', 19, '2023-01-04', 'A gothic horror set within the confines of an ancient university.'),
('978-0-262-13474-1', 'Echo of the Past', 20, '2023-01-20', 'A time-travel story that explores the impacts of changing history.'),
('978-0-262-13474-2', 'The Navigator', 1, '2023-02-05', 'A seafaring adventure that maps the journey of a lifetime.'),
('978-1-860-49277-9', 'The Orchard', 2, '2023-02-21', 'A dramatic story of rivalry and reconciliation set in an apple orchard.'),
('978-3-16-148411-9', 'The Silver Lining', 3, '2023-03-09', 'A story of finding hope and new beginnings in unexpected places.'),
('978-0-262-13474-3', 'Gates of Fire', 4, '2023-03-25', 'A historical novel about the famous Battle of Thermopylae.'),
('978-1-860-49278-0', 'Beneath the Surface', 5, '2023-04-10', 'A submarine thriller that dives deep into the mysteries of the deep sea.'),
('978-3-16-148412-0', 'The Clockwork Sparrow', 6, '2023-04-26', 'A steampunk adventure involving espionage in Victorian London.'),
('978-0-262-13474-4', 'Summer Storm', 7, '2023-05-12', 'A young adult novel about love and self-discovery during a turbulent summer.'),
('978-1-860-49278-1', 'The Pilgrim’s Road', 8, '2023-05-28', 'A historical fiction recounting a medieval pilgrimage across Europe.'),
('978-3-16-148412-1', 'The Quantum Thief', 9, '2023-06-13', 'A sci-fi heist novel set in a future where memories can be stolen.'),
('978-0-262-13474-5', 'The Celestial Chain', 10, '2023-06-29', 'An adventure that intertwines the fate of stars with human destinies.');

INSERT INTO genres (genre_name, overview)
VALUES
('Fantasy', 'Fantasy involves magical elements, often set in imaginary worlds where magic and mythological creatures are common.'),
('Science Fiction', 'Science Fiction explores futuristic concepts, scientific advancements, and often the potential consequences of such innovations.'),
('Mystery', 'Mystery genre involves unsolved puzzles or crimes that are gradually solved through the narrative.'),
('Romance', 'Romance focuses on relationships and love, often detailing the emotional journey between individuals.'),
('Thriller', 'Thrillers are characterized by fast pacing, tension, excitement, and the anticipation of what will happen next.'),
('Historical Fiction', 'Historical Fiction tells stories set in the past, often using historical events or figures as a backdrop to the narrative.'),
('Horror', 'Horror aims to evoke fear through suspense, atypical situations, or supernatural elements.'),
('Biography', 'Biography is a detailed description or account of someone''s life, involving more than just basic facts.'),
('Poetry', 'Poetry emphasizes expression through the structure of verse and rhythmic qualities of the language used.'),
('Self-Help', 'Self-Help genres focus on personal improvement and often provide guidance and strategies to enhance oneself.');

INSERT INTO reviews (content, username, publish_date, isbn)
VALUES
('A fascinating deep dive into early civilizations.', 'alice123', '2024-01-20', '978-3-16-148410-0'),
('An enthralling and informative read on waterway history.', 'bobmarley', '2024-01-21', '978-0-262-13472-2'),
('Beautifully written poems that touch the soul.', 'charlie_m', '2024-01-22', '978-1-860-49276-3'),
('Futures never looked so intriguing.', 'david4mvp', '2024-01-23', '978-3-16-148410-4'),
('A unique perspective on self-discovery in the stars.', 'eve_bravo', '2024-01-24', '978-0-262-13472-5'),
('Romantic and thrilling, set in an exotic locale.', 'frankie8', '2024-01-25', '978-1-860-49276-6'),
('An insightful look into contemporary art.', 'grace_h', '2024-01-26', '978-3-16-148410-7'),
('Uncovering the truth was never this suspenseful.', 'hannah_sun', '2024-01-27', '978-0-262-13472-8'),
('A must-read for history and flag enthusiasts.', 'sarah_connor', '2024-01-28', '978-1-860-49276-9'),
('Captivating exploration of an ancient wonder.', 'john_smith', '2024-01-29', '978-3-16-148410-9'),
('A heartfelt family drama in the desert.', 'jane_doe', '2024-01-30', '978-0-262-13473-0'),
('Diving into the oceans mysteries is thrilling!', 'liam_wong', '2024-01-31', '978-1-860-49277-0'),
('Colonial impacts narrated with great depth.', 'nora_khan', '2024-02-01', '978-3-16-148411-0'),
('Water rights wars—a thrilling dystopian scenario.', 'oliver_perez', '2024-02-02', '978-0-262-13473-1'),
('An inventive steampunk narrative that fascinates.', 'emma_clark', '2024-02-03', '978-1-860-49277-1'),
('Lunar colonization with complex social dynamics.', 'lucas_lee', '2024-02-04', '978-3-16-148411-1'),
('Travel writing that opens the world.', 'mia_white', '2024-02-05', '978-0-262-13473-2'),
('A fantasy filled with wishes and political intrigue.', 'ethan_brown', '2024-02-06', '978-1-860-49277-2'),
('Revolution and its intricacies, thrillingly told.', 'ian_neo', '2024-02-07', '978-3-16-148411-2'),
('A romantic saga against a charming village backdrop.', 'julia_blue', '2024-02-08', '978-0-262-13473-3');

INSERT INTO book_checkouts (username, isbn, checkout_date)
VALUES
('alice123', '978-3-16-148410-0', '2024-04-15'),
('bobmarley', '978-0-262-13472-2', '2024-04-16'),
('charlie_m', '978-1-860-49276-3', '2024-04-17'),
('david4mvp', '978-3-16-148410-4', '2024-04-18'),
('eve_bravo', '978-0-262-13472-5', '2024-04-19'),
('frankie8', '978-1-860-49276-6', '2024-04-20'),
('grace_h', '978-3-16-148410-7', '2024-04-21'),
('hannah_sun', '978-0-262-13472-8', '2024-04-22'),
('sarah_connor', '978-1-860-49276-9', '2024-04-23'),
('john_smith', '978-3-16-148410-9', '2024-04-24'),
('jane_doe', '978-0-262-13473-0', '2024-04-25'),
('liam_wong', '978-1-860-49277-0', '2024-04-26'),
('nora_khan', '978-3-16-148411-0', '2024-04-27'),
('oliver_perez', '978-0-262-13473-1', '2024-04-28'),
('emma_clark', '978-1-860-49277-1', '2024-04-29'),
('lucas_lee', '978-3-16-148411-1', '2024-04-30'),
('mia_white', '978-0-262-13473-2', '2024-05-01'),
('ethan_brown', '978-1-860-49277-2', '2024-05-02');

INSERT INTO user_favorites_author (username, author_id)
VALUES
('alice123', 1), 
('bobmarley', 2), 
('charlie_m', 3), 
('david4mvp', 4),
('eve_bravo', 5), 
('frankie8', 6), 
('grace_h', 7), 
('hannah_sun', 8),
('sarah_connor', 9), 
('john_smith', 10), 
('jane_doe', 11), 
('liam_wong', 12),
('nora_khan', 13), 
('oliver_perez', 14), 
('emma_clark', 15), 
('lucas_lee', 16),
('mia_white', 17), 
('ethan_brown', 18), 
('ian_neo', 19), 
('julia_blue', 20);

INSERT INTO user_likes_genres (username, genre_name)
VALUES
('alice123', 'Fantasy'), 
('bobmarley', 'Science Fiction'), 
('charlie_m', 'Poetry'),
('david4mvp', 'Thriller'), 
('eve_bravo', 'Romance'), 
('frankie8', 'Historical Fiction'),
('grace_h', 'Horror'), 
('hannah_sun', 'Biography'), 
('sarah_connor', 'Mystery'),
('john_smith', 'Fantasy'), 
('jane_doe', 'Science Fiction'), 
('liam_wong', 'Poetry'),
('nora_khan', 'Thriller'), 
('oliver_perez', 'Romance'), 
('emma_clark', 'Historical Fiction'),
('lucas_lee', 'Horror'), 
('mia_white', 'Biography'), 
('ethan_brown', 'Mystery'),
('ian_neo', 'Fantasy'), 
('julia_blue', 'Science Fiction');

INSERT INTO user_rates_book (username, isbn, stars)
VALUES
('alice123', '978-3-16-148410-0', 5),
('bobmarley', '978-0-262-13472-2', 4),
('charlie_m', '978-1-860-49276-3', 5),
('david4mvp', '978-3-16-148410-4', 3),
('eve_bravo', '978-0-262-13472-5', 4),
('frankie8', '978-1-860-49276-6', 5),
('grace_h', '978-3-16-148410-7', 3),
('hannah_sun', '978-0-262-13472-8', 4),
('sarah_connor', '978-1-860-49276-9', 5),
('john_smith', '978-3-16-148410-9', 4),
('jane_doe', '978-0-262-13473-0', 5),
('liam_wong', '978-1-860-49277-0', 4),
('nora_khan', '978-3-16-148411-0', 3),
('oliver_perez', '978-0-262-13473-1', 4),
('emma_clark', '978-1-860-49277-1', 5),
('lucas_lee', '978-3-16-148411-1', 4),
('mia_white', '978-0-262-13473-2', 5),
('ethan_brown', '978-1-860-49277-2', 3),
('ian_neo', '978-3-16-148411-2', 4),
('julia_blue', '978-0-262-13473-3', 5);

INSERT INTO book_is_genre (isbn, genre_name)
VALUES
('978-3-16-148410-0', 'Historical Fiction'),
('978-0-262-13472-2', 'Science Fiction'),
('978-1-860-49276-3', 'Poetry'),
('978-3-16-148410-4', 'Science Fiction'),
('978-0-262-13472-5', 'Science Fiction'),
('978-1-860-49276-6', 'Romance'),
('978-3-16-148410-7', 'Biography'),
('978-0-262-13472-8', 'Mystery'),
('978-1-860-49276-9', 'Historical Fiction'),
('978-3-16-148410-9', 'Historical Fiction'),
('978-0-262-13473-0', 'Romance'),
('978-1-860-49277-0', 'Science Fiction'),
('978-3-16-148411-0', 'Historical Fiction'),
('978-0-262-13473-1', 'Thriller'),
('978-1-860-49277-1', 'Fantasy'),
('978-3-16-148411-1', 'Science Fiction'),
('978-0-262-13473-2', 'Self-Help'),
('978-1-860-49277-2', 'Fantasy'),
('978-3-16-148411-2', 'Thriller'),
('978-0-262-13473-3', 'Romance'),
('978-0-262-13473-4', 'Fantasy'),
('978-1-860-49277-3', 'Biography'),
('978-3-16-148411-3', 'Science Fiction'),
('978-0-262-13473-5', 'Mystery'),
('978-1-860-49277-4', 'Romance'),
('978-3-16-148411-4', 'Fantasy'),
('978-0-262-13473-6', 'Biography'),
('978-1-860-49277-5', 'Mystery'),
('978-3-16-148411-5', 'Fantasy'),
('978-0-262-13473-7', 'Biography'),
('978-0-262-13473-8', 'Thriller'),
('978-1-860-49277-6', 'Historical Fiction'),
('978-3-16-148411-6', 'Historical Fiction'),
('978-0-262-13473-9', 'Science Fiction'),
('978-1-860-49277-7', 'Romance'),
('978-3-16-148411-7', 'Mystery'),
('978-0-262-13474-0', 'Fantasy'),
('978-1-860-49277-8', 'Romance'),
('978-3-16-148411-8', 'Horror'),
('978-0-262-13474-1', 'Science Fiction'),
('978-0-262-13474-2', 'Self-Help'),
('978-1-860-49277-9', 'Romance'),
('978-3-16-148411-9', 'Fantasy'),
('978-0-262-13474-3', 'Historical Fiction'),
('978-1-860-49278-0', 'Thriller'),
('978-3-16-148412-0', 'Fantasy'),
('978-0-262-13474-4', 'Romance'),
('978-1-860-49278-1', 'Historical Fiction'),
('978-3-16-148412-1', 'Science Fiction'),
('978-0-262-13474-5', 'Fantasy');